Model,MAE,RMSE,MAPE (%),R²,N_Samples
Random Forest,395.3379007457808,865.323491590165,12.021724232202477,0.917024807897495,90
Linear Regression,1059.6471783515865,1709.0399541534916,101.36448016343753,0.6763350213395272,90
